Date,Close
12/18/2006,11508
12/19/2006,12460
12/20/2006,12366
12/21/2006,11842
12/22/2006,10662
12/25/2006,9596
12/26/2006,10031
12/27/2006,10031
12/28/2006,9905
12/29/2006,9779
1/2/2007,9621
1/3/2007,9981
1/4/2007,10687
1/5/2007,11703
1/8/2007,11104
1/9/2007,11798
1/10/2007,12435
1/11/2007,12429
1/12/2007,13438
1/15/2007,14069
1/16/2007,13754
1/17/2007,12719
1/18/2007,13375
1/19/2007,13312
1/22/2007,12555
1/23/2007,12555
1/24/2007,12650
1/25/2007,12189
1/26/2007,12618
1/29/2007,13249
1/30/2007,13848
1/31/2007,13817
2/1/2007,13375
2/2/2007,13186
2/5/2007,13091
2/6/2007,13060
2/7/2007,12870
2/8/2007,12271
2/9/2007,12309
2/12/2007,12933
2/13/2007,13015
2/14/2007,13060
2/15/2007,13217
2/26/2007,14523
2/27/2007,14700
2/28/2007,13943
3/1/2007,14006
3/2/2007,13880
3/5/2007,14038
3/6/2007,13817
3/7/2007,13375
3/8/2007,13754
3/9/2007,13754
3/12/2007,14258
3/13/2007,14555
3/14/2007,13974
3/15/2007,13678
3/16/2007,14448
3/19/2007,15873
3/20/2007,16088
3/21/2007,16088
3/22/2007,15899
3/23/2007,15665
3/26/2007,14517
3/27/2007,13564
3/28/2007,14952
3/29/2007,14952
3/30/2007,14435
4/2/2007,14227
4/3/2007,14227
4/4/2007,14536
4/5/2007,14309
4/6/2007,14416
4/9/2007,14820
4/10/2007,14732
4/11/2007,14732
4/12/2007,14448
4/13/2007,14347
4/16/2007,13627
4/17/2007,13880
4/18/2007,14448
4/19/2007,14056
4/20/2007,14069
4/23/2007,13533
4/24/2007,13489
4/25/2007,13755
5/2/2007,13799
5/3/2007,13818
5/4/2007,13787
5/7/2007,14256
5/8/2007,14294
5/9/2007,14199
5/10/2007,14199
5/11/2007,14547
5/14/2007,15473
5/15/2007,15181
5/16/2007,15086
5/17/2007,15466
5/18/2007,15403
5/21/2007,15422
5/22/2007,15340
5/23/2007,15086
5/24/2007,15287
5/25/2007,15244
5/28/2007,14904
5/29/2007,14691
5/30/2007,14554
5/31/2007,14912
6/1/2007,14818
6/4/2007,14742
6/5/2007,14478
6/6/2007,14503
6/7/2007,14478
6/8/2007,14418
6/11/2007,14307
6/12/2007,14265
6/13/2007,14094
6/14/2007,14052
6/15/2007,14205
6/18/2007,14333
6/19/2007,14205
6/20/2007,14265
6/21/2007,14009
6/22/2007,14009
6/25/2007,13873
6/26/2007,13796
6/27/2007,13584
6/28/2007,13285
6/29/2007,13090
7/2/2007,12221
7/3/2007,12613
7/4/2007,13430
7/5/2007,12723
7/6/2007,13200
7/9/2007,13447
7/10/2007,13924
7/11/2007,13839
7/12/2007,13456
7/13/2007,13711
7/16/2007,13413
7/17/2007,13481
7/18/2007,13490
7/19/2007,13388
7/20/2007,13328
7/23/2007,13243
7/24/2007,13285
7/25/2007,13328
7/26/2007,13277
7/27/2007,13277
7/30/2007,13200
7/31/2007,13115
8/1/2007,13413
8/2/2007,13200
8/3/2007,13226
8/6/2007,13141
8/7/2007,13209
8/8/2007,13183
8/9/2007,13456
8/10/2007,13456
8/13/2007,13294
8/14/2007,13413
8/15/2007,13498
8/16/2007,13473
8/17/2007,13396
8/20/2007,13345
8/21/2007,13328
8/22/2007,13379
8/23/2007,13413
8/24/2007,13456
8/27/2007,13473
8/28/2007,13422
8/29/2007,13405
8/30/2007,13456
8/31/2007,13524
9/4/2007,13882
9/5/2007,13924
9/6/2007,14393
9/7/2007,14742
9/10/2007,14648
9/11/2007,14376
9/12/2007,14478
9/13/2007,14410
9/14/2007,14478
9/17/2007,14529
9/18/2007,14529
9/19/2007,14776
9/20/2007,14691
9/21/2007,14699
9/24/2007,14904
9/25/2007,15253
9/26/2007,15287
9/27/2007,16181
9/28/2007,17314
10/1/2007,18889
10/2/2007,19417
10/3/2007,19928
10/4/2007,21589
10/5/2007,21291
10/8/2007,20397
10/9/2007,20950
10/10/2007,21206
10/11/2007,21589
10/12/2007,22551
10/29/2007,24271
10/30/2007,23675
10/31/2007,22568
11/1/2007,23675
11/2/2007,23079
11/5/2007,22653
11/6/2007,22228
11/7/2007,22568
11/8/2007,22228
11/9/2007,21887
11/12/2007,21376
11/13/2007,20354
11/14/2007,21291
11/15/2007,22228
11/16/2007,22142
11/19/2007,22142
11/20/2007,21802
11/21/2007,21461
11/22/2007,21631
11/23/2007,21376
11/26/2007,21972
11/27/2007,21972
11/28/2007,22057
11/29/2007,21887
11/30/2007,22228
12/3/2007,22909
12/4/2007,22994
12/5/2007,22653
12/6/2007,22653
12/7/2007,22824
12/10/2007,22398
12/11/2007,22057
12/12/2007,22142
12/13/2007,21802
12/14/2007,22057
12/17/2007,21546
12/18/2007,21546
12/19/2007,21802
12/20/2007,21461
12/21/2007,21546
12/24/2007,21717
12/25/2007,21078
12/26/2007,21333
12/27/2007,21333
12/28/2007,21461
1/2/2008,21461
1/3/2008,21206
1/4/2008,21078
1/7/2008,20439
1/8/2008,20567
1/9/2008,20184
1/10/2008,19417
1/11/2008,19545
1/14/2008,18906
1/15/2008,18012
1/16/2008,18906
1/17/2008,18651
1/18/2008,18906
1/21/2008,18523
1/22/2008,17756
1/23/2008,16990
1/24/2008,16990
1/25/2008,17245
1/28/2008,17245
1/29/2008,17629
1/30/2008,18395
1/31/2008,18012
2/1/2008,18267
2/12/2008,17501
2/13/2008,16990
2/14/2008,16990
2/15/2008,16607
2/18/2008,15840
2/19/2008,15074
2/20/2008,14435
2/21/2008,13796
2/22/2008,13158
2/25/2008,13669
2/26/2008,13030
2/27/2008,12391
2/28/2008,11880
2/29/2008,11305
3/3/2008,10794
3/4/2008,10283
3/5/2008,9772
3/6/2008,10220
3/7/2008,10731
3/10/2008,10603
3/11/2008,10092
3/12/2008,10156
3/13/2008,10603
3/14/2008,10347
3/17/2008,9836
3/18/2008,9389
3/19/2008,8942
3/20/2008,8495
3/21/2008,8112
3/24/2008,7729
3/25/2008,7345
3/26/2008,7026
3/27/2008,7090
3/28/2008,7154
3/31/2008,7218
4/1/2008,7281
4/2/2008,7345
4/3/2008,7409
4/4/2008,7473
4/7/2008,7601
4/8/2008,7537
4/9/2008,7409
4/10/2008,7281
4/11/2008,7154
4/16/2008,7026
4/17/2008,7154
4/18/2008,7154
4/21/2008,7026
4/22/2008,6898
4/23/2008,6770
4/24/2008,6643
4/25/2008,6515
4/28/2008,6387
4/29/2008,6260
5/5/2008,6145
5/6/2008,6030
5/7/2008,5915
5/8/2008,5800
5/9/2008,5685
5/12/2008,5582
5/13/2008,5480
5/14/2008,5378
5/15/2008,5271
5/16/2008,5177
5/19/2008,5083
5/20/2008,4989
5/21/2008,4895
5/22/2008,4801
5/23/2008,4707
5/26/2008,4614
5/30/2008,4533
6/2/2008,4453
6/3/2008,4372
6/4/2008,4292
6/5/2008,4211
6/6/2008,4131
6/9/2008,4050
6/10/2008,3970
6/11/2008,3903
6/12/2008,3836
6/13/2008,3769
6/16/2008,3836
6/17/2008,3903
6/18/2008,3836
6/19/2008,3728
6/20/2008,3621
6/23/2008,3728
6/24/2008,3836
6/25/2008,3943
6/26/2008,4050
6/27/2008,4171
6/30/2008,4292
7/1/2008,4412
7/2/2008,4533
7/3/2008,4667
7/4/2008,4801
7/7/2008,4935
7/8/2008,5083
7/9/2008,5231
7/10/2008,5378
7/11/2008,5539
7/14/2008,5700
7/15/2008,5861
7/16/2008,6035
7/17/2008,6210
7/18/2008,6384
7/21/2008,6572
7/22/2008,6384
7/23/2008,6196
7/24/2008,6022
7/25/2008,5847
7/28/2008,5673
7/29/2008,5834
7/30/2008,5660
7/31/2008,5499
8/1/2008,5338
8/4/2008,5190
8/5/2008,5043
8/6/2008,4895
8/7/2008,4775
8/8/2008,4909
8/11/2008,5043
8/12/2008,5190
8/13/2008,5338
8/14/2008,5485
8/15/2008,5646
8/18/2008,5928
8/19/2008,6223
8/20/2008,6531
8/21/2008,6840
8/22/2008,7175
8/25/2008,7511
8/26/2008,7846
8/27/2008,8181
8/28/2008,8583
8/29/2008,8986
9/3/2008,9388
9/4/2008,9858
9/5/2008,10327
9/8/2008,9858
9/9/2008,9388
9/10/2008,8919
9/11/2008,8516
9/12/2008,8114
9/15/2008,7913
9/16/2008,7578
9/17/2008,7242
9/18/2008,6907
9/19/2008,7242
9/22/2008,7578
9/23/2008,7242
9/24/2008,6974
9/25/2008,7309
9/26/2008,7645
9/29/2008,7578
9/30/2008,7242
10/1/2008,7041
10/2/2008,7175
10/3/2008,7041
10/6/2008,6692
10/7/2008,6371
10/8/2008,6062
10/9/2008,5767
10/10/2008,5485
10/13/2008,5217
10/14/2008,5472
10/15/2008,5432
10/16/2008,5163
10/17/2008,4909
10/20/2008,4667
10/21/2008,4694
10/22/2008,4520
10/23/2008,4305
10/24/2008,4091
10/27/2008,3889
10/28/2008,3702
10/29/2008,3876
10/30/2008,4064
10/31/2008,4265
11/3/2008,4466
11/4/2008,4681
11/5/2008,4909
11/6/2008,5150
11/7/2008,5096
11/10/2008,5231
11/11/2008,4976
11/12/2008,4734
11/13/2008,4667
11/14/2008,4707
11/17/2008,4480
11/18/2008,4292
11/19/2008,4225
11/20/2008,4024
11/21/2008,4024
11/24/2008,4158
11/25/2008,4024
11/26/2008,3954
11/27/2008,3774
11/28/2008,3954
12/1/2008,4148
12/2/2008,4065
12/3/2008,4051
12/4/2008,4065
12/5/2008,3885
12/8/2008,3691
12/9/2008,3704
12/10/2008,3538
12/11/2008,3704
12/12/2008,3885
12/15/2008,4079
12/16/2008,3885
12/17/2008,4079
12/18/2008,4190
12/19/2008,4356
12/22/2008,4370
12/23/2008,4162
12/24/2008,4024
12/25/2008,3954
12/26/2008,4037
12/29/2008,4010
12/30/2008,4065
12/31/2008,3996
1/2/2009,4024
1/5/2009,4162
1/6/2009,4370
1/7/2009,4578
1/8/2009,4356
1/9/2009,4259
1/12/2009,4204
1/13/2009,4051
1/14/2009,4107
1/15/2009,4093
1/16/2009,4093
1/19/2009,4093
1/20/2009,4037
1/21/2009,4024
1/22/2009,4065
1/23/2009,4079
2/2/2009,3982
2/3/2009,3788
2/4/2009,3815
2/5/2009,3649
2/6/2009,3829
2/9/2009,3926
2/10/2009,3815
2/11/2009,3704
2/12/2009,3704
2/13/2009,3704
2/16/2009,3677
2/17/2009,3566
2/18/2009,3399
2/19/2009,3399
2/20/2009,3260
2/23/2009,3108
2/24/2009,2955
2/25/2009,3094
2/26/2009,2941
2/27/2009,2969
3/2/2009,2997
3/3/2009,2858
3/4/2009,2900
3/5/2009,2969
3/6/2009,2927
3/9/2009,2900
3/10/2009,2941
3/11/2009,3080
3/12/2009,2983
3/13/2009,3025
3/16/2009,3094
3/17/2009,3247
3/18/2009,3399
3/19/2009,3399
3/20/2009,3496
3/23/2009,3330
3/24/2009,3496
3/25/2009,3663
3/26/2009,3843
3/27/2009,3885
3/30/2009,3885
3/31/2009,3815
4/1/2009,3996
4/2/2009,4190
4/3/2009,4398
4/7/2009,4606
4/8/2009,4828
4/9/2009,5064
4/10/2009,5314
4/13/2009,5577
4/14/2009,5855
4/15/2009,6146
4/16/2009,6451
4/17/2009,6132
4/20/2009,5827
4/21/2009,5536
4/22/2009,5272
4/23/2009,5036
4/24/2009,4787
4/27/2009,4787
4/28/2009,5022
4/29/2009,5272
5/4/2009,5536
5/5/2009,5799
5/6/2009,5966
5/7/2009,6257
5/8/2009,6562
5/11/2009,6812
5/12/2009,7145
5/13/2009,6868
5/14/2009,6937
5/15/2009,7284
5/18/2009,7631
5/19/2009,7978
5/20/2009,8324
5/21/2009,7908
5/22/2009,7839
5/25/2009,8186
5/26/2009,8533
5/27/2009,8602
5/28/2009,8186
5/29/2009,8186
6/1/2009,8533
6/2/2009,8949
6/3/2009,9157
6/4/2009,9573
6/5/2009,9989
6/8/2009,10475
6/9/2009,10961
6/10/2009,10475
6/11/2009,10961
6/12/2009,10683
6/15/2009,10197
6/16/2009,9712
6/17/2009,9573
6/18/2009,9434
6/19/2009,9088
6/22/2009,8671
6/23/2009,8255
6/24/2009,8602
6/25/2009,8810
6/26/2009,9226
6/29/2009,9296
6/30/2009,8879
7/1/2009,8463
7/2/2009,8741
7/3/2009,8671
7/6/2009,9088
7/7/2009,8949
7/8/2009,9018
7/9/2009,8879
7/10/2009,8741
7/13/2009,8324
7/14/2009,8116
7/15/2009,8324
7/16/2009,8324
7/17/2009,8116
7/20/2009,7769
7/21/2009,7631
7/22/2009,7492
7/23/2009,7839
7/24/2009,8186
7/27/2009,8533
7/28/2009,8949
7/29/2009,8879
7/30/2009,8741
7/31/2009,9157
8/3/2009,9157
8/4/2009,9504
8/5/2009,9781
8/6/2009,9642
8/7/2009,9504
8/10/2009,9851
8/11/2009,9781
8/12/2009,9712
8/13/2009,9781
8/14/2009,9920
8/17/2009,9642
8/18/2009,9573
8/19/2009,9781
8/20/2009,9781
8/21/2009,10059
8/24/2009,10267
8/25/2009,10197
8/26/2009,10197
8/27/2009,10059
8/28/2009,10128
8/31/2009,10614
9/1/2009,10752
9/3/2009,10614
9/4/2009,10267
9/7/2009,10128
9/8/2009,10406
9/9/2009,10406
9/10/2009,10406
9/11/2009,10475
9/14/2009,10683
9/15/2009,11169
9/16/2009,11169
9/17/2009,10961
9/18/2009,11030
9/21/2009,10891
9/22/2009,11169
9/23/2009,11377
9/24/2009,11099
9/25/2009,11238
9/28/2009,11793
9/29/2009,11793
9/30/2009,11515
10/1/2009,11238
10/2/2009,10891
10/5/2009,10683
10/6/2009,10544
10/7/2009,10891
10/8/2009,10891
10/9/2009,11099
10/12/2009,11377
10/13/2009,11099
10/14/2009,11446
10/15/2009,12001
10/16/2009,12556
10/19/2009,12903
10/20/2009,13527
10/21/2009,14152
10/22/2009,14845
10/23/2009,14152
10/26/2009,13874
10/27/2009,13597
10/28/2009,13597
10/29/2009,13042
10/30/2009,13319
11/2/2009,12695
11/3/2009,12070
11/4/2009,12001
11/5/2009,12417
11/6/2009,12279
11/9/2009,11724
11/10/2009,11446
11/11/2009,11724
11/12/2009,11862
11/13/2009,11932
11/16/2009,11724
11/17/2009,11793
11/18/2009,11862
11/19/2009,12417
11/20/2009,12279
11/23/2009,11862
11/24/2009,11654
11/25/2009,11099
11/26/2009,10544
11/27/2009,10336
11/30/2009,10822
12/1/2009,11307
12/2/2009,10752
12/3/2009,10891
12/4/2009,10961
12/7/2009,10961
12/8/2009,10614
12/9/2009,10197
12/10/2009,9989
12/11/2009,9504
12/14/2009,9920
12/15/2009,9712
12/16/2009,9226
12/17/2009,9296
12/18/2009,9712
12/21/2009,10197
12/22/2009,10197
12/23/2009,10336
12/24/2009,10822
12/25/2009,11307
12/28/2009,11307
12/29/2009,11099
12/30/2009,11446
12/31/2009,11867
1/4/2010,12429
1/5/2010,12991
1/6/2010,13342
1/7/2010,12991
1/8/2010,12780
1/11/2010,12710
1/12/2010,12078
1/13/2010,12640
1/14/2010,12640
1/15/2010,12359
1/18/2010,11797
1/19/2010,12078
1/20/2010,11797
1/21/2010,11516
1/22/2010,11657
1/25/2010,11587
1/26/2010,12148
1/27/2010,11727
1/28/2010,11516
1/29/2010,11587
2/1/2010,11727
2/2/2010,11657
2/3/2010,11797
2/4/2010,12219
2/5/2010,11867
2/8/2010,11938
2/9/2010,11797
2/10/2010,11867
2/11/2010,12008
2/12/2010,12078
2/22/2010,12078
2/23/2010,11727
2/24/2010,11938
2/25/2010,12008
2/26/2010,12078
3/1/2010,12008
3/2/2010,12008
3/3/2010,12219
3/4/2010,12359
3/5/2010,12499
3/8/2010,12921
3/9/2010,12991
3/10/2010,12851
3/11/2010,12780
3/12/2010,12851
3/15/2010,12780
3/16/2010,12499
3/17/2010,12359
3/18/2010,12710
3/19/2010,12499
3/22/2010,12289
3/23/2010,12219
3/24/2010,12289
3/25/2010,12893
3/26/2010,13005
3/29/2010,12640
3/30/2010,12219
3/31/2010,12134
4/1/2010,12275
4/2/2010,12331
4/5/2010,12415
4/6/2010,12247
4/7/2010,12190
4/8/2010,12162
4/9/2010,12134
4/12/2010,12162
4/13/2010,12190
4/14/2010,12134
4/15/2010,12134
4/16/2010,12134
4/19/2010,11994
4/20/2010,11853
4/21/2010,11825
4/22/2010,12415
4/26/2010,12668
4/27/2010,12499
4/28/2010,12443
4/29/2010,12247
5/4/2010,12415
5/5/2010,12275
5/6/2010,12106
5/7/2010,11938
5/10/2010,11572
5/11/2010,11516
5/12/2010,11095
5/13/2010,11067
5/14/2010,10983
5/17/2010,10533
5/18/2010,10449
5/19/2010,10107
5/20/2010,10591
5/21/2010,10079
5/24/2010,10563
5/25/2010,10506
5/26/2010,10477
5/27/2010,10534
5/28/2010,10848
5/31/2010,10677
6/1/2010,10620
6/2/2010,10534
6/3/2010,10534
6/4/2010,10477
6/7/2010,10221
6/8/2010,10164
6/9/2010,10136
6/10/2010,10164
6/11/2010,10221
6/14/2010,10221
6/15/2010,10136
6/16/2010,10250
6/17/2010,10193
6/18/2010,10193
6/21/2010,10250
6/22/2010,10164
6/23/2010,10136
6/24/2010,10164
6/25/2010,9965
6/28/2010,9936
6/29/2010,9936
6/30/2010,9794
7/1/2010,9766
7/2/2010,9680
7/5/2010,9595
7/6/2010,9396
7/7/2010,9367
7/8/2010,9396
7/9/2010,9367
7/12/2010,9424
7/13/2010,9880
7/14/2010,9993
7/15/2010,9823
7/16/2010,9794
7/19/2010,9623
7/20/2010,9595
7/21/2010,9538
7/22/2010,9481
7/23/2010,9452
7/26/2010,9367
7/27/2010,9396
7/28/2010,9282
7/29/2010,9310
7/30/2010,9339
8/2/2010,9196
8/3/2010,9168
8/4/2010,8997
8/5/2010,8968
8/6/2010,8883
8/9/2010,8513
8/10/2010,8285
8/11/2010,8285
8/12/2010,7887
8/13/2010,8057
8/16/2010,8456
8/17/2010,8342
8/18/2010,8114
8/19/2010,7972
8/20/2010,8114
8/23/2010,7915
8/24/2010,7573
8/25/2010,7203
8/26/2010,7260
8/27/2010,7260
8/30/2010,7602
8/31/2010,7972
9/1/2010,8114
9/6/2010,8513
9/7/2010,8314
9/8/2010,8114
9/9/2010,8257
9/10/2010,7858
9/13/2010,7630
9/14/2010,7773
9/15/2010,7687
9/16/2010,7716
9/17/2010,8086
9/20/2010,8029
9/21/2010,7972
9/22/2010,7915
9/23/2010,7773
9/24/2010,7858
9/27/2010,7830
9/28/2010,7801
9/29/2010,7687
9/30/2010,7659
10/1/2010,7573
10/4/2010,7317
10/5/2010,7602
10/6/2010,7687
10/7/2010,7573
10/8/2010,7516
10/11/2010,7459
10/12/2010,7346
10/13/2010,7374
10/14/2010,7317
10/15/2010,7289
10/18/2010,7289
10/19/2010,7203
10/20/2010,6890
10/21/2010,6890
10/22/2010,6890
10/25/2010,6919
10/26/2010,7175
10/27/2010,7032
10/28/2010,7004
10/29/2010,7032
11/1/2010,6975
11/2/2010,6833
11/3/2010,6691
11/4/2010,6776
11/5/2010,7032
11/8/2010,7118
11/9/2010,6919
11/10/2010,6862
11/11/2010,6805
11/12/2010,6691
11/15/2010,6491
11/16/2010,6292
11/17/2010,6292
11/18/2010,6435
11/19/2010,6321
11/22/2010,6207
11/23/2010,6321
11/24/2010,6264
11/25/2010,6406
11/26/2010,6406
11/29/2010,6719
11/30/2010,7032
12/1/2010,7232
12/2/2010,7573
12/3/2010,7943
12/6/2010,8314
12/7/2010,8057
12/8/2010,7659
12/9/2010,8029
12/10/2010,8428
12/13/2010,8826
12/14/2010,8826
12/15/2010,9082
12/16/2010,8655
12/17/2010,9082
12/20/2010,9025
12/21/2010,9054
12/22/2010,8855
12/23/2010,8741
12/24/2010,8826
12/27/2010,8826
12/28/2010,9253
12/29/2010,9139
12/30/2010,9025
12/31/2010,9111
1/4/2011,9168
1/5/2011,8912
1/6/2011,8883
1/7/2011,8855
1/10/2011,8627
1/11/2011,8257
1/12/2011,8399
1/13/2011,8513
1/14/2011,8627
1/17/2011,8655
1/18/2011,8513
1/19/2011,8513
1/20/2011,8428
1/21/2011,8428
1/24/2011,8200
1/25/2011,8086
1/26/2011,8228
1/27/2011,8484
1/28/2011,8484
2/8/2011,8513
2/9/2011,8513
2/10/2011,8513
2/11/2011,8484
2/14/2011,8399
2/15/2011,8314
2/16/2011,8143
2/17/2011,8000
2/18/2011,7687
2/21/2011,7317
2/22/2011,6975
2/23/2011,7004
2/24/2011,6975
2/25/2011,7175
2/28/2011,6947
3/1/2011,6890
3/2/2011,6548
3/3/2011,6264
3/4/2011,6349
3/7/2011,6406
3/8/2011,6292
3/9/2011,6093
3/10/2011,6378
3/11/2011,6691
3/14/2011,6748
3/15/2011,6719
3/16/2011,6776
3/17/2011,6805
3/18/2011,7118
3/21/2011,7061
3/22/2011,6748
3/23/2011,6975
3/24/2011,6805
3/25/2011,6719
3/28/2011,6719
3/29/2011,6520
3/30/2011,6378
3/31/2011,6406
4/1/2011,6321
4/4/2011,6150
4/5/2011,6150
4/6/2011,6435
4/7/2011,6349
4/8/2011,6264
4/13/2011,6264
4/14/2011,6178
4/15/2011,6064
4/18/2011,5808
4/19/2011,5723
4/20/2011,5780
4/21/2011,5609
4/22/2011,5495
4/25/2011,5751
4/26/2011,5637
4/27/2011,5751
4/28/2011,5751
4/29/2011,5837
5/4/2011,5837
5/5/2011,5694
5/6/2011,5751
5/9/2011,5894
5/10/2011,5837
5/11/2011,5751
5/12/2011,5751
5/13/2011,5751
5/16/2011,5637
5/17/2011,5523
5/18/2011,5495
5/19/2011,5438
5/20/2011,5267
5/23/2011,5011
5/24/2011,4783
5/25/2011,4555
5/26/2011,4783
5/27/2011,5011
5/30/2011,4783
5/31/2011,4669
6/1/2011,4897
6/2/2011,5125
6/3/2011,5096
6/6/2011,5267
6/7/2011,5523
6/8/2011,5438
6/9/2011,5552
6/10/2011,5808
6/13/2011,5894
6/14/2011,5694
6/15/2011,5410
6/16/2011,5666
6/17/2011,5410
6/20/2011,5153
6/21/2011,5410
6/22/2011,5410
6/23/2011,5296
6/24/2011,5353
6/27/2011,5324
6/28/2011,5210
6/29/2011,5153
6/30/2011,5039
7/1/2011,4897
7/4/2011,4926
7/5/2011,5153
7/6/2011,5125
7/7/2011,5068
7/8/2011,5039
7/11/2011,4954
7/12/2011,4954
7/13/2011,5068
7/14/2011,5096
7/15/2011,5068
7/18/2011,5068
7/19/2011,5039
7/20/2011,5239
7/21/2011,5096
7/22/2011,5068
7/25/2011,5039
7/26/2011,5039
7/27/2011,4982
7/28/2011,5011
7/29/2011,4954
8/1/2011,4897
8/2/2011,4783
8/3/2011,4726
8/4/2011,4954
8/5/2011,4926
8/8/2011,4812
8/9/2011,4641
8/10/2011,4755
8/11/2011,4726
8/12/2011,4783
8/15/2011,4812
8/16/2011,4869
8/17/2011,5096
8/18/2011,5267
8/19/2011,5182
8/22/2011,5438
8/23/2011,5410
8/24/2011,5324
8/25/2011,5467
8/26/2011,5467
8/29/2011,5737
8/30/2011,5887
8/31/2011,6097
9/1/2011,6338
9/5/2011,6097
9/6/2011,6037
9/7/2011,6338
9/8/2011,6338
9/9/2011,6307
9/12/2011,6187
9/13/2011,6488
9/14/2011,6187
9/15/2011,6307
9/16/2011,6067
9/19/2011,6157
9/20/2011,6067
9/21/2011,6067
9/22/2011,6217
9/23/2011,6127
9/26/2011,6037
9/27/2011,6037
9/28/2011,6097
9/29/2011,5917
9/30/2011,5857
10/3/2011,5677
10/4/2011,5617
10/5/2011,5647
10/6/2011,5797
10/7/2011,5767
10/10/2011,5677
10/11/2011,5737
10/12/2011,5467
10/13/2011,5376
10/14/2011,5467
10/17/2011,5286
10/18/2011,5196
10/19/2011,5196
10/20/2011,5226
10/21/2011,5346
10/24/2011,5286
10/25/2011,5226
10/26/2011,5106
10/27/2011,5196
10/28/2011,5436
10/31/2011,5557
11/1/2011,5497
11/2/2011,5316
11/3/2011,5256
11/4/2011,5226
11/7/2011,5166
11/8/2011,5226
11/9/2011,5196
11/10/2011,5046
11/11/2011,5016
11/14/2011,4896
11/15/2011,4836
11/16/2011,4986
11/17/2011,4896
11/18/2011,4896
11/21/2011,4836
11/22/2011,4926
11/23/2011,4956
11/24/2011,4866
11/25/2011,4866
11/28/2011,4926
11/29/2011,4896
11/30/2011,4836
12/1/2011,4866
12/2/2011,4956
12/5/2011,5196
12/6/2011,5166
12/7/2011,5106
12/8/2011,4986
12/9/2011,4896
12/12/2011,4836
12/13/2011,4776
12/14/2011,4626
12/15/2011,4505
12/16/2011,4595
12/19/2011,4535
12/20/2011,4415
12/21/2011,4445
12/22/2011,4235
12/23/2011,4205
12/26/2011,4115
12/27/2011,3965
12/28/2011,4145
12/29/2011,4085
12/30/2011,4115
1/3/2012,4055
1/4/2012,3995
1/5/2012,3935
1/6/2012,3754
1/9/2012,3845
1/10/2012,4025
1/11/2012,4025
1/12/2012,3965
1/13/2012,4085
1/16/2012,4205
1/17/2012,4115
1/18/2012,4145
1/19/2012,4325
1/20/2012,4295
1/30/2012,4505
1/31/2012,4535
2/1/2012,4565
2/2/2012,4776
2/3/2012,4716
2/6/2012,4656
2/7/2012,4716
2/8/2012,4896
2/9/2012,4776
2/10/2012,4565
2/13/2012,4445
2/14/2012,4595
2/15/2012,4505
2/16/2012,4535
2/17/2012,4686
2/20/2012,4896
2/21/2012,4926
2/22/2012,5166
2/23/2012,5406
2/24/2012,5256
2/27/2012,5467
2/28/2012,5196
2/29/2012,5256
3/1/2012,5286
3/2/2012,5527
3/5/2012,5797
3/6/2012,5707
3/7/2012,5737
3/8/2012,5467
3/9/2012,5346
3/12/2012,5196
3/13/2012,5376
3/14/2012,5286
3/15/2012,5527
3/16/2012,5797
3/19/2012,5857
3/20/2012,6037
3/21/2012,6127
3/22/2012,6007
3/23/2012,6217
3/26/2012,6127
3/27/2012,5827
3/28/2012,5827
3/29/2012,5617
3/30/2012,5527
4/3/2012,5797
4/4/2012,5737
4/5/2012,6007
4/6/2012,6067
4/9/2012,6247
4/10/2012,6097
4/11/2012,6277
4/12/2012,6338
4/13/2012,6307
4/16/2012,6608
4/17/2012,6938
4/18/2012,6818
4/19/2012,6488
4/20/2012,6518
4/23/2012,6548
4/24/2012,6698
4/25/2012,6998
4/26/2012,6848
4/27/2012,6908
5/2/2012,6668
5/3/2012,6818
5/4/2012,7028
5/7/2012,7359
5/8/2012,7329
5/9/2012,7329
5/10/2012,7239
5/11/2012,7088
5/14/2012,6758
5/15/2012,6608
5/16/2012,6728
5/17/2012,6608
5/18/2012,6307
5/21/2012,6608
5/22/2012,6638
5/23/2012,6368
5/24/2012,6157
5/25/2012,6458
5/28/2012,6638
5/29/2012,6638
5/30/2012,6668
5/31/2012,6488
6/1/2012,6428
6/4/2012,6157
6/5/2012,6338
6/6/2012,6458
6/7/2012,6698
6/8/2012,6548
6/11/2012,6608
6/12/2012,6548
6/13/2012,6518
6/14/2012,6428
6/15/2012,6638
6/18/2012,6728
6/19/2012,6578
6/20/2012,6608
6/21/2012,6548
6/22/2012,6548
6/25/2012,6428
6/26/2012,6217
6/27/2012,6187
6/28/2012,6157
6/29/2012,6247
7/2/2012,6037
7/3/2012,5797
7/4/2012,5707
7/5/2012,5947
7/6/2012,5977
7/9/2012,5767
7/10/2012,5707
7/11/2012,5767
7/12/2012,5827
7/13/2012,6067
7/16/2012,5947
7/17/2012,6217
7/18/2012,6277
7/19/2012,6578
7/20/2012,6488
7/23/2012,6368
7/24/2012,6157
7/25/2012,6127
7/26/2012,6247
7/27/2012,6157
7/30/2012,6157
7/31/2012,6187
8/1/2012,6097
8/2/2012,6067
8/3/2012,6067
8/6/2012,6307
8/7/2012,6247
8/8/2012,6247
8/9/2012,6368
8/10/2012,6277
8/13/2012,6247
8/14/2012,6338
8/15/2012,6277
8/16/2012,6247
8/17/2012,6307
8/20/2012,6398
8/21/2012,6097
8/22/2012,5797
8/23/2012,5527
8/24/2012,5707
8/27/2012,5436
8/28/2012,5436
8/29/2012,5707
8/30/2012,5707
8/31/2012,5647
9/4/2012,5707
9/5/2012,5557
9/6/2012,5436
9/7/2012,5467
9/10/2012,5196
9/11/2012,5076
9/12/2012,5136
9/13/2012,5196
9/14/2012,5346
9/17/2012,5286
9/18/2012,5046
9/19/2012,5106
9/20/2012,4956
9/21/2012,5046
9/24/2012,4926
9/25/2012,4956
9/26/2012,5016
9/27/2012,4926
9/28/2012,4896
10/1/2012,4716
10/2/2012,4626
10/3/2012,4806
10/4/2012,4746
10/5/2012,4746
10/8/2012,4956
10/9/2012,4986
10/10/2012,5046
10/11/2012,5046
10/12/2012,5046
10/15/2012,4956
10/16/2012,5136
10/17/2012,5016
10/18/2012,5016
10/19/2012,4866
10/22/2012,4806
10/23/2012,4806
10/24/2012,4806
10/25/2012,4716
10/26/2012,4806
10/29/2012,4746
10/30/2012,4746
10/31/2012,4746
11/1/2012,4746
11/2/2012,4535
11/5/2012,4535
11/6/2012,4505
11/7/2012,4595
11/8/2012,4565
11/9/2012,4626
11/12/2012,4806
11/13/2012,4746
11/14/2012,4746
11/15/2012,4716
11/16/2012,4746
11/19/2012,4716
11/20/2012,4776
11/21/2012,4776
11/22/2012,4776
11/23/2012,4712
11/26/2012,4583
11/27/2012,4551
11/28/2012,4519
11/29/2012,4583
11/30/2012,4551
12/3/2012,4551
12/4/2012,4615
12/5/2012,4680
12/6/2012,4647
12/7/2012,4583
12/10/2012,4712
12/11/2012,4647
12/12/2012,4840
12/13/2012,4776
12/14/2012,4808
12/17/2012,4840
12/18/2012,4808
12/19/2012,4968
12/20/2012,4936
12/21/2012,4904
12/24/2012,5064
12/25/2012,5032
12/26/2012,5160
12/27/2012,5160
12/28/2012,5224
1/2/2013,5385
1/3/2013,5256
1/4/2013,5321
1/7/2013,5321
1/8/2013,5545
1/9/2013,5545
1/10/2013,5737
1/11/2013,5801
1/14/2013,5737
1/15/2013,5897
1/16/2013,5962
1/17/2013,5801
1/18/2013,5673
1/21/2013,5705
1/22/2013,5513
1/23/2013,5545
1/24/2013,5705
1/25/2013,5897
1/28/2013,6058
1/29/2013,6090
1/30/2013,6090
1/31/2013,5962
2/1/2013,5930
2/4/2013,5962
2/5/2013,5962
2/6/2013,6154
2/7/2013,6218
2/8/2013,6218
2/18/2013,6282
2/19/2013,6186
2/20/2013,6186
2/21/2013,5769
2/22/2013,5865
2/25/2013,5865
2/26/2013,5545
2/27/2013,5705
2/28/2013,5801
3/1/2013,5801
3/4/2013,5545
3/5/2013,5513
3/6/2013,5609
3/7/2013,5577
3/8/2013,5641
3/11/2013,5833
3/12/2013,5769
3/13/2013,5705
3/14/2013,5705
3/15/2013,5769
3/18/2013,5705
3/19/2013,5737
3/20/2013,5737
3/21/2013,5801
3/22/2013,5705
3/25/2013,5737
3/26/2013,5705
3/27/2013,5609
3/28/2013,5577
3/29/2013,5609
4/1/2013,5769
4/2/2013,5769
4/3/2013,5737
4/4/2013,5673
4/5/2013,5737
4/8/2013,5930
4/9/2013,6090
4/10/2013,5930
4/11/2013,5865
4/12/2013,5705
4/15/2013,5577
4/16/2013,5577
4/17/2013,5609
4/18/2013,5513
4/22/2013,5417
4/23/2013,5481
4/24/2013,5513
4/25/2013,5513
4/26/2013,5481
5/2/2013,5449
5/3/2013,5481
5/6/2013,5737
5/7/2013,5609
5/8/2013,5545
5/9/2013,5609
5/10/2013,5577
5/13/2013,5609
5/14/2013,5545
5/15/2013,5577
5/16/2013,5577
5/17/2013,5545
5/20/2013,5577
5/21/2013,5737
5/22/2013,5737
5/23/2013,5673
5/24/2013,5737
5/27/2013,5897
5/28/2013,6026
5/29/2013,6090
5/30/2013,6154
5/31/2013,6090
6/3/2013,5962
6/4/2013,5865
6/5/2013,5962
6/6/2013,5994
6/7/2013,6122
6/10/2013,6058
6/11/2013,5962
6/12/2013,5962
6/13/2013,5930
6/14/2013,5897
6/17/2013,5769
6/18/2013,5833
6/19/2013,5801
6/20/2013,5737
6/21/2013,5705
6/24/2013,5705
6/25/2013,5577
6/26/2013,5545
6/27/2013,5673
6/28/2013,5641
7/1/2013,5641
7/2/2013,5673
7/3/2013,5641
7/4/2013,5641
7/5/2013,5641
7/8/2013,5577
7/9/2013,5545
7/10/2013,5577
7/11/2013,5705
7/12/2013,5801
7/15/2013,5801
7/16/2013,5801
7/17/2013,5833
7/18/2013,5801
7/19/2013,5833
7/22/2013,5737
7/23/2013,5805
7/24/2013,5703
7/25/2013,5635
7/26/2013,5601
7/29/2013,5534
7/30/2013,5567
7/31/2013,5601
8/1/2013,5669
8/2/2013,5635
8/5/2013,5601
8/6/2013,5601
8/7/2013,5635
8/8/2013,5601
8/9/2013,5567
8/12/2013,5534
8/13/2013,5500
8/14/2013,5567
8/15/2013,5635
8/16/2013,5635
8/19/2013,5839
8/20/2013,5805
8/21/2013,5737
8/22/2013,5635
8/23/2013,5601
8/26/2013,5635
8/27/2013,5601
8/28/2013,5534
8/29/2013,5500
8/30/2013,5534
9/3/2013,5466
9/4/2013,5364
9/5/2013,5398
9/6/2013,5500
9/9/2013,5364
9/10/2013,5398
9/11/2013,5398
9/12/2013,5398
9/13/2013,5398
9/16/2013,5398
9/17/2013,5364
9/18/2013,5330
9/19/2013,5364
9/20/2013,5364
9/23/2013,5466
9/24/2013,5500
9/25/2013,5534
9/26/2013,5500
9/27/2013,5500
9/30/2013,5635
10/1/2013,5635
10/2/2013,5669
10/3/2013,5635
10/4/2013,5567
10/7/2013,5669
10/8/2013,5771
10/9/2013,5703
10/10/2013,5669
10/11/2013,5635
10/14/2013,5601
10/15/2013,5635
10/16/2013,5703
10/17/2013,5703
10/18/2013,5737
10/21/2013,5771
10/22/2013,5703
10/23/2013,5703
10/24/2013,5635
10/25/2013,5601
10/28/2013,5601
10/29/2013,5635
10/30/2013,5601
10/31/2013,5601
11/1/2013,5601
11/4/2013,5635
11/5/2013,5703
11/6/2013,5737
11/7/2013,5703
11/8/2013,5737
11/11/2013,5771
11/12/2013,5703
11/13/2013,5669
11/14/2013,5669
11/15/2013,5839
11/18/2013,5975
11/19/2013,5941
11/20/2013,5941
11/21/2013,5873
11/22/2013,5907
11/25/2013,5975
11/26/2013,6043
11/27/2013,6009
11/28/2013,5975
11/29/2013,5907
12/2/2013,5873
12/3/2013,6043
12/4/2013,6077
12/5/2013,6145
12/6/2013,6145
12/9/2013,6043
12/10/2013,5975
12/11/2013,5907
12/12/2013,6009
12/13/2013,6009
12/16/2013,5975
12/17/2013,6009
12/18/2013,5975
12/19/2013,6043
12/20/2013,6009
12/23/2013,6077
12/24/2013,5975
12/25/2013,5975
12/26/2013,6009
12/27/2013,6009
12/30/2013,5873
12/31/2013,6111
1/2/2014,6111
1/3/2014,6111
1/6/2014,6212
1/7/2014,6111
1/8/2014,6450
1/9/2014,6620
1/10/2014,6484
1/13/2014,6552
1/14/2014,6620
1/15/2014,6959
1/16/2014,7061
1/17/2014,6891
1/20/2014,6891
1/21/2014,7197
1/22/2014,7095
1/23/2014,7129
1/24/2014,7469
1/27/2014,7808
2/6/2014,7978
2/7/2014,7740
2/10/2014,8080
2/11/2014,7944
2/12/2014,8283
2/13/2014,8283
2/14/2014,8351
2/17/2014,8283
2/18/2014,8453
2/19/2014,8725
2/20/2014,8317
2/21/2014,8555
2/24/2014,8962
2/25/2014,9098
2/26/2014,9132
2/27/2014,8826
2/28/2014,8759
3/3/2014,8385
3/4/2014,8487
3/5/2014,8725
3/6/2014,8826
3/7/2014,8894
3/10/2014,8996
3/11/2014,8962
3/12/2014,8860
3/13/2014,9302
3/14/2014,9302
3/17/2014,9777
3/18/2014,9811
3/19/2014,9947
3/20/2014,9743
3/21/2014,9811
3/24/2014,10083
3/25/2014,9777
3/26/2014,9505
3/27/2014,9675
3/28/2014,9947
3/31/2014,10116
4/1/2014,9879
4/2/2014,9777
4/3/2014,9913
4/4/2014,9879
4/7/2014,9981
4/8/2014,10150
4/10/2014,10456
4/11/2014,10422
4/14/2014,10354
4/15/2014,9879
4/16/2014,9675
4/17/2014,9845
4/18/2014,9336
4/21/2014,8793
4/22/2014,9370
4/23/2014,9132
4/24/2014,9166
4/25/2014,9234
4/28/2014,9064
4/29/2014,9064
5/5/2014,8487
5/6/2014,8317
5/7/2014,8215
5/8/2014,7672
5/9/2014,7706
5/12/2014,7197
5/13/2014,6722
5/14/2014,7163
5/15/2014,6959
5/16/2014,7435
5/19/2014,7604
5/20/2014,7706
5/21/2014,7944
5/22/2014,7842
5/23/2014,7842
5/26/2014,7842
5/27/2014,8283
5/28/2014,8351
5/29/2014,8181
5/30/2014,8181
6/2/2014,7910
6/3/2014,7944
6/4/2014,7740
6/5/2014,7910
6/6/2014,8453
6/9/2014,8623
6/10/2014,8283
6/11/2014,8521
6/12/2014,8555
6/13/2014,8555
6/16/2014,8589
6/17/2014,8860
6/18/2014,8691
6/19/2014,8623
6/20/2014,8589
6/23/2014,8521
6/24/2014,8691
6/25/2014,8826
6/26/2014,8793
6/27/2014,8793
6/30/2014,8793
7/1/2014,8962
7/2/2014,9064
7/3/2014,9132
7/4/2014,9098
7/7/2014,9064
7/8/2014,9098
7/9/2014,9064
7/10/2014,8826
7/11/2014,8793
7/14/2014,8894
7/15/2014,8962
7/16/2014,8928
7/17/2014,8928
7/18/2014,9098
7/21/2014,9098
7/22/2014,8996
7/23/2014,8996
7/24/2014,8996
7/25/2014,8894
7/28/2014,8657
7/29/2014,8589
7/30/2014,8521
7/31/2014,8623
8/1/2014,8521
8/4/2014,8691
8/5/2014,8894
8/6/2014,8894
8/7/2014,8996
8/8/2014,8894
8/11/2014,8826
8/12/2014,8894
8/13/2014,9030
8/14/2014,9030
8/15/2014,8962
8/18/2014,9370
8/19/2014,9302
8/20/2014,9404
8/21/2014,9505
8/22/2014,9471
8/25/2014,9573
8/26/2014,9539
8/27/2014,9573
8/28/2014,9845
8/29/2014,9845
9/3/2014,9777
9/4/2014,9743
9/5/2014,9845
9/8/2014,9981
9/9/2014,9709
9/10/2014,9777
9/11/2014,9879
9/12/2014,9913
9/15/2014,9811
9/16/2014,9811
9/17/2014,10490
9/18/2014,10049
9/19/2014,10116
9/22/2014,9879
9/23/2014,9913
9/24/2014,9948
9/25/2014,10124
9/26/2014,10264
9/29/2014,10792
9/30/2014,10862
10/1/2014,10897
10/2/2014,11073
10/3/2014,11143
10/6/2014,11178
10/7/2014,11108
10/8/2014,11038
10/9/2014,10932
10/10/2014,10721
10/13/2014,10897
10/14/2014,10616
10/15/2014,10616
10/16/2014,10053
10/17/2014,10229
10/20/2014,10053
10/21/2014,10159
10/22/2014,10546
10/23/2014,10440
10/24/2014,10405
10/27/2014,10089
10/28/2014,10405
10/29/2014,10827
10/30/2014,10721
10/31/2014,10932
11/3/2014,10897
11/4/2014,10827
11/5/2014,10756
11/6/2014,10686
11/7/2014,10827
11/10/2014,10862
11/11/2014,10792
11/12/2014,10792
11/13/2014,10827
11/14/2014,10756
11/17/2014,10792
11/18/2014,10651
11/19/2014,10581
11/20/2014,10686
11/21/2014,10475
11/24/2014,10335
11/25/2014,10405
11/26/2014,10475
11/27/2014,10651
11/28/2014,10616
12/1/2014,10546
12/2/2014,10651
12/3/2014,10827
12/4/2014,10721
12/5/2014,10756
12/8/2014,10581
12/9/2014,10194
12/10/2014,10475
12/11/2014,10299
12/12/2014,10405
12/15/2014,10475
12/16/2014,10264
12/17/2014,9807
12/18/2014,10018
12/19/2014,9526
12/22/2014,9702
12/23/2014,9491
12/24/2014,9456
12/25/2014,9280
12/26/2014,9069
12/29/2014,8893
12/30/2014,9386
12/31/2014,9667
1/5/2015,9526
1/6/2015,9526
1/7/2015,9491
1/8/2015,9491
1/9/2015,9596
1/12/2015,9491
1/13/2015,9491
1/14/2015,9596
1/15/2015,9667
1/16/2015,9667
1/19/2015,9526
1/20/2015,9456
1/21/2015,9456
1/22/2015,9526
1/23/2015,9667
1/26/2015,9596
1/27/2015,9456
1/28/2015,9421
1/29/2015,9456
1/30/2015,9245
2/2/2015,9069
2/3/2015,8964
2/4/2015,8929
2/5/2015,8964
2/6/2015,9104
2/9/2015,8999
2/10/2015,9034
2/11/2015,9350
2/12/2015,9491
2/13/2015,9526
2/24/2015,9667
2/25/2015,9526
2/26/2015,9561
2/27/2015,9596
3/2/2015,9596
3/3/2015,9632
3/4/2015,9737
3/5/2015,9596
3/6/2015,9786
3/9/2015,9575
3/10/2015,9575
3/11/2015,9449
3/12/2015,9449
3/13/2015,9407
3/16/2015,9280
3/17/2015,9364
3/18/2015,9238
3/19/2015,9111
3/20/2015,9364
3/23/2015,9111
3/24/2015,8985
3/25/2015,8858
3/26/2015,8732
3/27/2015,8605
3/30/2015,8436
3/31/2015,8521
4/1/2015,8310
4/2/2015,8479
4/3/2015,8521
4/6/2015,8436
4/7/2015,8563
4/8/2015,8479
4/9/2015,8521
4/10/2015,8690
4/13/2015,8690
4/14/2015,8563
4/15/2015,8647
4/16/2015,8943
4/17/2015,9027
4/20/2015,8858
4/21/2015,8774
4/22/2015,8732
4/23/2015,8816
4/24/2015,8774
4/27/2015,8690
5/4/2015,8436
5/5/2015,8647
5/6/2015,8521
5/7/2015,8479
5/8/2015,8563
5/11/2015,8479
5/12/2015,8436
5/13/2015,8436
5/14/2015,8436
5/15/2015,8226
5/18/2015,8057
5/19/2015,8099
5/20/2015,8647
5/21/2015,8943
5/22/2015,9027
5/25/2015,9196
5/26/2015,9069
5/27/2015,9069
5/28/2015,9196
5/29/2015,9027
6/1/2015,9111
6/2/2015,9238
6/3/2015,9575
6/4/2015,9533
6/5/2015,9786
6/8/2015,9744
6/9/2015,9786
6/10/2015,9786
6/11/2015,9997
6/12/2015,10292
6/15/2015,10166
6/16/2015,9913
6/17/2015,9828
6/18/2015,10039
6/19/2015,9913
6/22/2015,10082
6/23/2015,9955
6/24/2015,9997
6/25/2015,10039
6/26/2015,10292
6/29/2015,10461
6/30/2015,10250
7/1/2015,10461
7/2/2015,10588
7/3/2015,10967
7/6/2015,11178
7/7/2015,11136
7/8/2015,10841
7/9/2015,11052
7/10/2015,10967
7/13/2015,11052
7/14/2015,11305
7/15/2015,11052
7/16/2015,11094
7/17/2015,10967
7/20/2015,11052
7/21/2015,11010
7/22/2015,11347
7/23/2015,11474
7/24/2015,11474
7/27/2015,11938
7/28/2015,11811
7/29/2015,11600
7/30/2015,11558
7/31/2015,11474
8/3/2015,11052
8/4/2015,11178
8/5/2015,11389
8/6/2015,11305
8/7/2015,11305
8/10/2015,11642
8/11/2015,11558
8/12/2015,11347
8/13/2015,11305
8/14/2015,11554
8/17/2015,11229
8/18/2015,11322
8/19/2015,11693
8/20/2015,11554
8/21/2015,11554
8/24/2015,10765
8/25/2015,10765
8/26/2015,11090
8/27/2015,11182
8/28/2015,11925
8/31/2015,12018
9/1/2015,11971
9/3/2015,11414
9/4/2015,11368
9/7/2015,11461
9/8/2015,11693
9/9/2015,11600
9/10/2015,11786
9/11/2015,11554
9/14/2015,11275
9/15/2015,11461
9/16/2015,11368
9/17/2015,11414
9/18/2015,11554
9/21/2015,11554
9/22/2015,11461
9/23/2015,11414
9/24/2015,11368
9/25/2015,11322
9/28/2015,11043
9/29/2015,10904
9/30/2015,10904
10/1/2015,10904
10/2/2015,10765
10/5/2015,10858
10/6/2015,11554
10/7/2015,11414
10/8/2015,11461
10/9/2015,11275
10/12/2015,11414
10/13/2015,11322
10/14/2015,11322
10/15/2015,11275
10/16/2015,11275
10/19/2015,11229
10/20/2015,11043
10/21/2015,10997
10/22/2015,11090
10/23/2015,11136
10/26/2015,10997
10/27/2015,10950
10/28/2015,10858
10/29/2015,11043
10/30/2015,11136
11/2/2015,10997
11/3/2015,11043
11/4/2015,11136
11/5/2015,11229
11/6/2015,11043
11/9/2015,10950
11/10/2015,10811
11/11/2015,10765
11/12/2015,10811
11/13/2015,10858
11/16/2015,10765
11/17/2015,10765
11/18/2015,10811
11/19/2015,10765
11/20/2015,10811
11/23/2015,10997
11/24/2015,10904
11/25/2015,10950
11/26/2015,10811
11/27/2015,10672
11/30/2015,10533
12/1/2015,10579
12/2/2015,10626
12/3/2015,10718
12/4/2015,10858
12/7/2015,10672
12/8/2015,10718
12/9/2015,10486
12/10/2015,10486
12/11/2015,10394
12/14/2015,10626
12/15/2015,10718
12/16/2015,10626
12/17/2015,10579
12/18/2015,10718
12/21/2015,10486
12/22/2015,10440
12/23/2015,10394
12/24/2015,10301
12/25/2015,10301
12/28/2015,10208
12/29/2015,10347
12/30/2015,10394
12/31/2015,10301
1/4/2016,10069
1/5/2016,9698
1/6/2016,9698
1/7/2016,9419
1/8/2016,9187
1/11/2016,9234
1/12/2016,9605
1/13/2016,9605
1/14/2016,9373
1/15/2016,9187
1/18/2016,8862
1/19/2016,8955
1/20/2016,8909
1/21/2016,8816
1/22/2016,9094
1/25/2016,9698
1/26/2016,9419
1/27/2016,9512
1/28/2016,9419
1/29/2016,9512
2/1/2016,9419
2/2/2016,9419
2/3/2016,9466
2/4/2016,9558
2/5/2016,9744
2/15/2016,9651
2/16/2016,9698
2/17/2016,9744
2/18/2016,9837
2/19/2016,9837
2/22/2016,10347
2/23/2016,10394
2/24/2016,10579
2/25/2016,10394
2/26/2016,10440
2/29/2016,10440
3/1/2016,10533
3/2/2016,10765
3/3/2016,10718
3/4/2016,10579
3/7/2016,10533
3/8/2016,10394
3/9/2016,10440
3/10/2016,10626
3/11/2016,10579
3/14/2016,10533
3/15/2016,10440
3/16/2016,10347
3/17/2016,10301
3/18/2016,10208
3/21/2016,10208
3/22/2016,10022
3/23/2016,10069
3/24/2016,10115
3/25/2016,10022
3/28/2016,10022
3/29/2016,9790
3/30/2016,9883
3/31/2016,9790
4/1/2016,9837
4/4/2016,9883
4/5/2016,10069
4/6/2016,10115
4/7/2016,10162
4/8/2016,10069
4/11/2016,10162
4/12/2016,10115
4/13/2016,10069
4/14/2016,10069
4/15/2016,10022
4/19/2016,9883
4/20/2016,9837
4/21/2016,9837
4/22/2016,9976
4/25/2016,10254
4/26/2016,10394
4/27/2016,10162
4/28/2016,10069
4/29/2016,9930
5/4/2016,9930
5/5/2016,9930
5/6/2016,9930
5/9/2016,9837
5/10/2016,9651
5/11/2016,9466
5/12/2016,9466
5/13/2016,9373
5/16/2016,9558
5/17/2016,9651
5/18/2016,9605
5/19/2016,9558
5/20/2016,9605
5/23/2016,9651
5/24/2016,9605
5/25/2016,9558
5/26/2016,9512
5/27/2016,9651
5/30/2016,10022
5/31/2016,9976
6/1/2016,9883
6/2/2016,9930
6/3/2016,9883
6/6/2016,9790
6/7/2016,9837
6/8/2016,9976
6/9/2016,10115
6/10/2016,10208
6/13/2016,10022
6/14/2016,9976
6/15/2016,9837
6/16/2016,9837
6/17/2016,9512
6/20/2016,9698
6/21/2016,9698
6/22/2016,9651
6/23/2016,9651
6/24/2016,9419
6/27/2016,9373
6/28/2016,9419
6/29/2016,9698
6/30/2016,9651
7/1/2016,9558
7/4/2016,10208
7/5/2016,10394
7/6/2016,10394
7/7/2016,10440
7/8/2016,10533
7/11/2016,10672
7/12/2016,10858
7/13/2016,11182
7/14/2016,10950
7/15/2016,10904
7/18/2016,10997
7/19/2016,11182
7/20/2016,10997
7/21/2016,10672
7/22/2016,10440
7/25/2016,10347
7/26/2016,10394
7/27/2016,10533
7/28/2016,10765
7/29/2016,10626
8/1/2016,10579
8/2/2016,10254
8/3/2016,10301
8/4/2016,10208
8/5/2016,9976
8/8/2016,9930
8/9/2016,9930
8/10/2016,10069
8/11/2016,10208
8/12/2016,10115
8/15/2016,10162
8/16/2016,10394
8/17/2016,10394
8/18/2016,10254
8/19/2016,10069
8/22/2016,9930
8/23/2016,10022
8/24/2016,9976
8/25/2016,9930
8/26/2016,10069
8/29/2016,9930
8/30/2016,9790
8/31/2016,9930
9/1/2016,9930
9/5/2016,9790
9/6/2016,9790
9/7/2016,9883
9/8/2016,9883
9/9/2016,10022
9/12/2016,9883
9/13/2016,9790
9/14/2016,9744
9/15/2016,9651
9/16/2016,9651
9/19/2016,9953
9/20/2016,9999
9/21/2016,10138
9/22/2016,10138
9/23/2016,10022
9/26/2016,10115
9/27/2016,10185
9/28/2016,10394
9/29/2016,10347
9/30/2016,10347
10/3/2016,10394
10/4/2016,10486
10/5/2016,10510
10/6/2016,10394
10/7/2016,10347
10/10/2016,10347
10/11/2016,10372
10/12/2016,10274
10/13/2016,10347
10/14/2016,10323
10/17/2016,10299
10/18/2016,10250
10/19/2016,10323
10/20/2016,10323
10/21/2016,10469
10/24/2016,10250
10/25/2016,10274
10/26/2016,10104
10/27/2016,10104
10/28/2016,10104
10/31/2016,10226
11/1/2016,10129
11/2/2016,10104
11/3/2016,9934
11/4/2016,9813
11/7/2016,10032
11/8/2016,10032
11/9/2016,9886
11/10/2016,10032
11/11/2016,9959
11/14/2016,9764
11/15/2016,9886
11/16/2016,9861
11/17/2016,9789
11/18/2016,9716
11/21/2016,9740
11/22/2016,9861
11/23/2016,9837
11/24/2016,9789
11/25/2016,9764
11/28/2016,9716
11/29/2016,9521
11/30/2016,9667
12/1/2016,9643
12/2/2016,9570
12/5/2016,9327
12/6/2016,9036
12/7/2016,9036
12/8/2016,9084
12/9/2016,9109
12/12/2016,8987
12/13/2016,9157
12/14/2016,9230
12/15/2016,9230
12/16/2016,9327
12/19/2016,9643
12/20/2016,9521
12/21/2016,9497
12/22/2016,9424
12/23/2016,9424
12/26/2016,9521
12/27/2016,9449
12/28/2016,9594
12/29/2016,9570
12/30/2016,9521
1/3/2017,9740
1/4/2017,9740
1/5/2017,9764
1/6/2017,9861
1/9/2017,9959
1/10/2017,9886
1/11/2017,9861
1/12/2017,9934
1/13/2017,9959
1/16/2017,9910
1/17/2017,10007
1/18/2017,9910
1/19/2017,9789
1/20/2017,9789
1/23/2017,9716
1/24/2017,9740
1/25/2017,9813
2/2/2017,10032
2/3/2017,9959
2/6/2017,9983
2/7/2017,10153
2/8/2017,10153
2/9/2017,10104
2/10/2017,10104
2/13/2017,10299
2/14/2017,10250
2/15/2017,10299
2/16/2017,10153
2/17/2017,10226
2/20/2017,10226
2/21/2017,10226
2/22/2017,10469
2/23/2017,10493
2/24/2017,10347
2/27/2017,10347
2/28/2017,10299
3/1/2017,10299
3/2/2017,10056
3/3/2017,10104
3/6/2017,10202
3/7/2017,10202
3/8/2017,10202
3/9/2017,10444
3/10/2017,10372
3/13/2017,10396
3/14/2017,10396
3/15/2017,10347
3/16/2017,10833
3/17/2017,11052
3/20/2017,11173
3/21/2017,11173
3/22/2017,10955
3/23/2017,11052
3/24/2017,11197
3/27/2017,11392
3/28/2017,11392
3/29/2017,11440
3/30/2017,11586
3/31/2017,11586
4/3/2017,11756
4/4/2017,11562
4/5/2017,11173
4/7/2017,11270
4/10/2017,11610
4/11/2017,11465
4/12/2017,11149
4/13/2017,10930
4/14/2017,10784
4/17/2017,10614
4/18/2017,10955
4/19/2017,10809
4/20/2017,10857
4/21/2017,10857
4/24/2017,10687
4/25/2017,10760
4/26/2017,10882
4/27/2017,10809
4/28/2017,10639
5/3/2017,10760
5/4/2017,10979
5/5/2017,10930
5/8/2017,11173
5/9/2017,11562
5/10/2017,11440
5/11/2017,11513
5/12/2017,11416
5/15/2017,11659
5/16/2017,11513
5/17/2017,11707
5/18/2017,11902
5/19/2017,12630
5/22/2017,12509
5/23/2017,12339
5/24/2017,12728
5/25/2017,12752
5/26/2017,12630
5/29/2017,12533
5/30/2017,12023
5/31/2017,12048
6/1/2017,12096
6/2/2017,12533
6/5/2017,12290
6/6/2017,12436
6/7/2017,12558
6/8/2017,12655
6/9/2017,12752
6/12/2017,12776
6/13/2017,12922
6/14/2017,12873
6/15/2017,12825
6/16/2017,12922
6/19/2017,13456
6/20/2017,13383
6/21/2017,13311
6/22/2017,13286
6/23/2017,13262
6/26/2017,13335
6/27/2017,13092
6/28/2017,13311
6/29/2017,13359
6/30/2017,13432
7/3/2017,13578
7/4/2017,13723
7/5/2017,13748
7/6/2017,13894
7/7/2017,13359
7/10/2017,12946
7/11/2017,13019
7/12/2017,12922
7/13/2017,12946
7/14/2017,13019
7/17/2017,12485
7/18/2017,12266
7/19/2017,12242
7/20/2017,12290
7/21/2017,12339
7/24/2017,12023
7/25/2017,12266
7/26/2017,12436
7/27/2017,12412
7/28/2017,12558
7/31/2017,12776
8/1/2017,12630
8/2/2017,12509
8/3/2017,12606
8/4/2017,12825
8/7/2017,12801
8/8/2017,12630
8/9/2017,12266
8/10/2017,12242
8/11/2017,12169
8/14/2017,12290
8/15/2017,12218
8/16/2017,12218
8/17/2017,11950
8/18/2017,12072
8/21/2017,11878
8/22/2017,11659
8/23/2017,11805
8/24/2017,11829
8/25/2017,11975
8/28/2017,12218
8/29/2017,12096
8/30/2017,12072
8/31/2017,12169
9/1/2017,12242
9/5/2017,12193
9/6/2017,12145
9/7/2017,12169
9/8/2017,12120
9/11/2017,11999
9/12/2017,11999
9/13/2017,12169
9/14/2017,12363
9/15/2017,12436
9/18/2017,12533
9/19/2017,12533
9/20/2017,12388
9/21/2017,12315
9/22/2017,12388
9/25/2017,12339
9/26/2017,12339
9/27/2017,12339
9/28/2017,12145
9/29/2017,12169
10/2/2017,12145
10/3/2017,12096
10/4/2017,12193
10/5/2017,12412
10/6/2017,12412
10/9/2017,12513
10/10/2017,12412
10/11/2017,12488
10/12/2017,12311
10/13/2017,12311
10/16/2017,12336
10/17/2017,12538
10/18/2017,12564
10/19/2017,12387
10/20/2017,12285
10/23/2017,11932
10/24/2017,11805
10/25/2017,11830
10/26/2017,11729
10/27/2017,11729
10/30/2017,11552
10/31/2017,11426
11/1/2017,11224
11/2/2017,11401
11/3/2017,11527
11/6/2017,11679
11/7/2017,11628
11/8/2017,11654
11/9/2017,11805
11/10/2017,11780
11/13/2017,12159
11/14/2017,12285
11/15/2017,12260
11/16/2017,12437
11/17/2017,12387
11/20/2017,12437
11/21/2017,12690
11/22/2017,12867
11/23/2017,12892
11/24/2017,12892
11/27/2017,13145
11/28/2017,13145
11/29/2017,13448
11/30/2017,13600
12/1/2017,13929
12/4/2017,14712
12/5/2017,14257
12/6/2017,14131
12/7/2017,13701
12/8/2017,13752
12/11/2017,13044
12/12/2017,13372
12/13/2017,13246
12/14/2017,13474
12/15/2017,13701
12/18/2017,13903
12/19/2017,14080
12/20/2017,14156
12/21/2017,13954
12/22/2017,13929
12/25/2017,14080
12/26/2017,14156
12/27/2017,14004
12/28/2017,14485
12/29/2017,14561
1/2/2018,14712
1/3/2018,15268
1/4/2018,15218
1/5/2018,14611
1/8/2018,14914
1/9/2018,15066
1/10/2018,15344
1/11/2018,15319
1/12/2018,15824
1/15/2018,16153
1/16/2018,16103
1/17/2018,15420
1/18/2018,15926
1/19/2018,16431
1/22/2018,17291
1/25/2018,17897
1/26/2018,17847
1/29/2018,18504
1/30/2018,18453
1/31/2018,17240
2/1/2018,17468
2/2/2018,17746
2/5/2018,16507
2/6/2018,15774
2/7/2018,16684
2/8/2018,15976
2/9/2018,15976
2/12/2018,16987
2/13/2018,17265
2/21/2018,17746
2/22/2018,17392
2/23/2018,17796
2/26/2018,17720
2/27/2018,17847
2/28/2018,18656
3/1/2018,19111
3/2/2018,19212
3/5/2018,17872
3/6/2018,19111
3/7/2018,19313
3/8/2018,19288
3/9/2018,19616
3/12/2018,19414
3/13/2018,19970
3/14/2018,19819
3/15/2018,19844
3/16/2018,20729
3/19/2018,20729
3/20/2018,20754
3/21/2018,20703
3/22/2018,20375
3/23/2018,20021
3/26/2018,20324
3/27/2018,20223
3/28/2018,19970
3/29/2018,19717
3/30/2018,19717
4/2/2018,20627
4/3/2018,21335
4/4/2018,21184
4/5/2018,21184
4/6/2018,21184
4/9/2018,22397
4/10/2018,21992
4/11/2018,21133
4/12/2018,21234
4/13/2018,20880
4/16/2018,20931
4/17/2018,21234
4/18/2018,20981
4/19/2018,20526
4/20/2018,21234
4/23/2018,19768
4/24/2018,18908
4/26/2018,17594
4/27/2018,18201
5/2/2018,17594
5/3/2018,17695
5/4/2018,17316
5/7/2018,18403
5/8/2018,18100
5/9/2018,18100
5/10/2018,17341
5/11/2018,17493
5/14/2018,17695
5/15/2018,17948
5/16/2018,17442
5/17/2018,16987
5/18/2018,16684
5/21/2018,16178
5/22/2018,15193
5/23/2018,15774
5/24/2018,15395
5/25/2018,14914
5/28/2018,13903
5/29/2018,14864
5/30/2018,15142
5/31/2018,16178
6/1/2018,16355
6/4/2018,16886
6/5/2018,16937
6/6/2018,17139
6/7/2018,16861
6/8/2018,17190
6/11/2018,17215
6/12/2018,16987
6/13/2018,17164
6/14/2018,16482
6/15/2018,16937
6/18/2018,15799
6/19/2018,15673
6/20/2018,15926
6/21/2018,15622
6/22/2018,15976
6/25/2018,16001
6/26/2018,15875
6/27/2018,15016
6/28/2018,14409
6/29/2018,14409
7/2/2018,13903
7/3/2018,13044
7/4/2018,13777
7/5/2018,13575
7/6/2018,14459
7/9/2018,14055
7/10/2018,13979
7/11/2018,13145
7/12/2018,13196
7/13/2018,13878
7/16/2018,13802
7/17/2018,14055
7/18/2018,14763
7/19/2018,14611
7/20/2018,14738
7/23/2018,14232
7/24/2018,13853
7/25/2018,13398
7/26/2018,14004
7/27/2018,14106
7/30/2018,14459
7/31/2018,14611
8/1/2018,14662
8/2/2018,14839
8/3/2018,14687
8/6/2018,14459
8/7/2018,14636
8/8/2018,14940
8/9/2018,14965
8/10/2018,15319
8/13/2018,15926
8/14/2018,15673
8/15/2018,15167
8/16/2018,15066
8/17/2018,15016
8/20/2018,14738
8/21/2018,15471
8/22/2018,15268
8/23/2018,15445
8/24/2018,15268
8/27/2018,15597
8/28/2018,16027
8/29/2018,16128
8/30/2018,16305
8/31/2018,15976
9/4/2018,15521
9/5/2018,15622
9/6/2018,15622
9/7/2018,15926
9/10/2018,15824
9/11/2018,16280
9/12/2018,16027
9/13/2018,16077
9/14/2018,16229
9/17/2018,15824
9/18/2018,16178
9/19/2018,16305
9/20/2018,16482
9/21/2018,16633
9/24/2018,16760
9/25/2018,16659
9/26/2018,16684
9/27/2018,16987
9/28/2018,16937
10/1/2018,16785
10/2/2018,16709
10/3/2018,16861
10/4/2018,17356
10/5/2018,16991
10/8/2018,16965
10/9/2018,17017
10/10/2018,16991
10/11/2018,15819
10/12/2018,16131
10/15/2018,15792
10/16/2018,15819
10/17/2018,16053
10/18/2018,15845
10/19/2018,15714
10/22/2018,15636
10/23/2018,15115
10/24/2018,14750
10/25/2018,14594
10/26/2018,14359
10/29/2018,14281
10/30/2018,14333
10/31/2018,14932
11/1/2018,14594
11/2/2018,15011
11/5/2018,15063
11/6/2018,14906
11/7/2018,14854
11/8/2018,14932
11/9/2018,14489
11/12/2018,14750
11/13/2018,14516
11/14/2018,14489
11/15/2018,14385
11/16/2018,14437
11/19/2018,14854
11/20/2018,14802
11/21/2018,15063
11/22/2018,14932
11/23/2018,14542
11/26/2018,14489
11/27/2018,14568
11/28/2018,14698
11/29/2018,14750
11/30/2018,14854
12/3/2018,15454
12/4/2018,15349
12/5/2018,15375
12/6/2018,15323
12/7/2018,15454
12/10/2018,15245
12/11/2018,15193
12/12/2018,15454
12/13/2018,15480
12/14/2018,15271
12/17/2018,14880
12/18/2018,14698
12/19/2018,14646
12/20/2018,14672
12/21/2018,14516
12/24/2018,14072
12/25/2018,13994
12/26/2018,13890
12/27/2018,14072
12/28/2018,13890
1/2/2019,13812
1/3/2019,13551
1/4/2019,13551
1/7/2019,13577
1/8/2019,13395
1/9/2019,13421
1/10/2019,13317
1/11/2019,13629
1/14/2019,13447
1/15/2019,13551
1/16/2019,13421
1/17/2019,13134
1/18/2019,13108
1/21/2019,13343
1/22/2019,13317
1/23/2019,13265
1/24/2019,13317
1/25/2019,13656
1/28/2019,13577
1/29/2019,13656
1/30/2019,13551
1/31/2019,13603
2/1/2019,13603
2/11/2019,14020
2/12/2019,14151
2/13/2019,14177
2/14/2019,14125
2/15/2019,13994
2/18/2019,14125
2/19/2019,14203
2/20/2019,14333
2/21/2019,14542
2/22/2019,14724
2/25/2019,14906
2/26/2019,14854
2/27/2019,14724
2/28/2019,14542
3/1/2019,14698
3/4/2019,15063
3/5/2019,15011
3/6/2019,15011
3/7/2019,14985
3/8/2019,14828
3/11/2019,14906
3/12/2019,15011
3/13/2019,15323
3/14/2019,15349
3/15/2019,15375
3/18/2019,15219
3/19/2019,15063
3/20/2019,14880
3/21/2019,14229
3/22/2019,14333
3/25/2019,13968
3/26/2019,14125
3/27/2019,14125
3/28/2019,14099
3/29/2019,14177
4/1/2019,14437
4/2/2019,14437
4/3/2019,14255
4/4/2019,14229
4/5/2019,14333
4/8/2019,14489
4/9/2019,14594
4/10/2019,14307
4/11/2019,14203
4/12/2019,14072
4/16/2019,13942
4/17/2019,13838
4/18/2019,13551
4/19/2019,13551
4/22/2019,13134
4/23/2019,13108
4/24/2019,13395
4/25/2019,13291
4/26/2019,13447
5/2/2019,13343
5/3/2019,13499
5/6/2019,13134
5/7/2019,12978
5/8/2019,12874
5/9/2019,12822
5/10/2019,13056
5/13/2019,13134
5/14/2019,13056
5/15/2019,13421
5/16/2019,13317
5/17/2019,13395
5/20/2019,13603
5/21/2019,13577
5/22/2019,13577
5/23/2019,13577
5/24/2019,13317
5/27/2019,13213
5/28/2019,13134
5/29/2019,13056
5/30/2019,13082
5/31/2019,12952
6/3/2019,12900
6/4/2019,12926
6/5/2019,12952
6/6/2019,12874
6/7/2019,13056
6/10/2019,13134
6/11/2019,13134
6/12/2019,12952
6/13/2019,12926
6/14/2019,12926
6/17/2019,12822
6/18/2019,12743
6/19/2019,12926
6/20/2019,13082
6/21/2019,13082
6/24/2019,12978
6/25/2019,12952
6/26/2019,12926
6/27/2019,12822
6/28/2019,12926
7/1/2019,13030
7/2/2019,12900
7/3/2019,12952
7/4/2019,13134
7/5/2019,13213
7/8/2019,13082
7/9/2019,13056
7/10/2019,12978
7/11/2019,13082
7/12/2019,13056
7/15/2019,13030
7/16/2019,13030
7/17/2019,13447
7/18/2019,13317
7/19/2019,13343
7/22/2019,13056
7/23/2019,13082
7/24/2019,12874
7/25/2019,12691
7/26/2019,12717
7/29/2019,12561
7/30/2019,12170
7/31/2019,12092
8/1/2019,12144
8/2/2019,12014
8/5/2019,11623
8/6/2019,11284
8/7/2019,11050
8/8/2019,11050
8/9/2019,11466
8/12/2019,11545
8/13/2019,11388
8/14/2019,11362
8/15/2019,11388
8/16/2019,11597
8/19/2019,11571
8/20/2019,11519
8/21/2019,11727
8/22/2019,11675
8/23/2019,11623
8/26/2019,11258
8/27/2019,11154
8/28/2019,11128
8/29/2019,11023
8/30/2019,11206
9/3/2019,11180
9/4/2019,11154
9/5/2019,11102
9/6/2019,10997
9/9/2019,10893
9/10/2019,10789
9/11/2019,10815
9/12/2019,10867
9/13/2019,11128
9/16/2019,11180
9/17/2019,11284
9/18/2019,11258
9/19/2019,11336
9/20/2019,11180
9/23/2019,11128
9/24/2019,11284
9/25/2019,11284
9/26/2019,11805
9/27/2019,12092
9/30/2019,11988
10/1/2019,12066
10/2/2019,12196
10/3/2019,12196
10/4/2019,11766
10/7/2019,11494
10/8/2019,11657
10/9/2019,11603
10/10/2019,11603
10/11/2019,11603
10/14/2019,11848
10/15/2019,11766
10/16/2019,11739
10/17/2019,11630
10/18/2019,11494
10/21/2019,11330
10/22/2019,11385
10/23/2019,11330
10/24/2019,11603
10/25/2019,11603
10/28/2019,11576
10/29/2019,11521
10/30/2019,11630
10/31/2019,11630
11/1/2019,11712
11/4/2019,11848
11/5/2019,11875
11/6/2019,11821
11/7/2019,12011
11/8/2019,12011
11/11/2019,11821
11/12/2019,11794
11/13/2019,11794
11/14/2019,11685
11/15/2019,11494
11/18/2019,11439
11/19/2019,11494
11/20/2019,11385
11/21/2019,11113
11/22/2019,10949
11/25/2019,11031
11/26/2019,10895
11/27/2019,10813
11/28/2019,10813
11/29/2019,10786
12/2/2019,10622
12/3/2019,10513
12/4/2019,10786
12/5/2019,10677
12/6/2019,10622
12/9/2019,10677
12/10/2019,10459
12/11/2019,10350
12/12/2019,10568
12/13/2019,10459
12/16/2019,10377
12/17/2019,10159
12/18/2019,10023
12/19/2019,9860
12/20/2019,9969
12/23/2019,9996
12/24/2019,9996
12/25/2019,9914
12/26/2019,9941
12/27/2019,9860
12/30/2019,9887
12/31/2019,9832
1/2/2020,10023
1/3/2020,9941
1/6/2020,9914
1/7/2020,9941
1/8/2020,9669
1/9/2020,9778
1/10/2020,9969
1/13/2020,9969
1/14/2020,10023
1/15/2020,10023
1/16/2020,10404
1/17/2020,10486
1/20/2020,10486
1/21/2020,10486
1/22/2020,10513
1/30/2020,10078
1/31/2020,9642
2/3/2020,9288
2/4/2020,9260
2/5/2020,9233
2/6/2020,9642
2/7/2020,9642
2/10/2020,9560
2/11/2020,9506
2/12/2020,9696
2/13/2020,9587
2/14/2020,9696
2/17/2020,9615
2/18/2020,9560
2/19/2020,9587
2/20/2020,9587
2/21/2020,9506
2/24/2020,8852
2/25/2020,8934
2/26/2020,8770
2/27/2020,8988
2/28/2020,8661
3/2/2020,8607
3/3/2020,8689
3/4/2020,8852
3/5/2020,9152
3/6/2020,9097
3/9/2020,8471
3/10/2020,8471
3/11/2020,7899
3/12/2020,7381
3/13/2020,7245
3/16/2020,7245
3/17/2020,7735
3/18/2020,7463
3/19/2020,7463
3/20/2020,7545
3/23/2020,7027
3/24/2020,6809
3/25/2020,7272
3/26/2020,7054
3/27/2020,6727
3/30/2020,6264
3/31/2020,6319
4/1/2020,6755
4/3/2020,7218
4/6/2020,7708
4/7/2020,7708
4/8/2020,7817
4/9/2020,8341
4/10/2020,8404
4/13/2020,8309
4/14/2020,8341
4/15/2020,8436
4/16/2020,8436
4/17/2020,8594
4/20/2020,8657
4/21/2020,8120
4/22/2020,8404
4/23/2020,8404
4/24/2020,8373
4/27/2020,8278
4/28/2020,8183
4/29/2020,8215
5/4/2020,8025
5/5/2020,7993
5/6/2020,8183
5/7/2020,8341
5/8/2020,8531
5/11/2020,8941
5/12/2020,8973
5/13/2020,8878
5/14/2020,9004
5/15/2020,8815
5/18/2020,8941
5/19/2020,9036
5/20/2020,9036
5/21/2020,9068
5/22/2020,9036
5/25/2020,9194
5/26/2020,8618
5/27/2020,8366
5/28/2020,8338
5/29/2020,8310
6/1/2020,8534
6/2/2020,8450
6/3/2020,8534
6/4/2020,8815
6/5/2020,8815
6/8/2020,9011
6/9/2020,8899
6/10/2020,8983
6/11/2020,8366
6/12/2020,8703
6/15/2020,8113
6/16/2020,8534
6/17/2020,8422
6/18/2020,8422
6/19/2020,8590
6/22/2020,8534
6/23/2020,9039
6/24/2020,8843
6/25/2020,8871
6/26/2020,8703
6/29/2020,8310
6/30/2020,8310
7/1/2020,8590
7/2/2020,8506
7/3/2020,8506
7/6/2020,8759
7/7/2020,8731
7/8/2020,8815
7/9/2020,8899
7/10/2020,8955
7/13/2020,8955
7/14/2020,9376
7/15/2020,9292
7/16/2020,9320
7/17/2020,9376
7/20/2020,9227
7/21/2020,9108
7/22/2020,8988
7/23/2020,8899
7/24/2020,8540
7/27/2020,7943
7/28/2020,8480
7/29/2020,8092
7/30/2020,8212
7/31/2020,8092
8/3/2020,8421
8/4/2020,8570
8/5/2020,8660
8/6/2020,8570
8/7/2020,8510
8/10/2020,8600
8/11/2020,8779
8/12/2020,8749
8/13/2020,8869
8/14/2020,8719
8/17/2020,8660
8/18/2020,8600
8/19/2020,8690
8/20/2020,8570
8/21/2020,8779
8/24/2020,8958
8/25/2020,8958
8/26/2020,8988
8/27/2020,9018
8/28/2020,9018
8/31/2020,8899
9/1/2020,9018
9/3/2020,9108
9/4/2020,9197
9/7/2020,9167
9/8/2020,9436
9/9/2020,9466
9/10/2020,9466
9/11/2020,9406
9/14/2020,9406
9/15/2020,9436
9/16/2020,9496
9/17/2020,9555
9/18/2020,9735
9/21/2020,9854
9/22/2020,9884
9/23/2020,9974
9/24/2020,9884
9/25/2020,9824
9/28/2020,10093
9/29/2020,10003
9/30/2020,10123
10/1/2020,10630
10/2/2020,10601
10/5/2020,10899
10/6/2020,10839
10/7/2020,10660
10/8/2020,10660
10/9/2020,10750
10/12/2020,10660
10/13/2020,10481
10/14/2020,10810
10/15/2020,10839
10/16/2020,10839
10/19/2020,10959
10/20/2020,10869
10/21/2020,10571
10/22/2020,10750
10/23/2020,10690
10/26/2020,10511
10/27/2020,10272
10/28/2020,9974
10/29/2020,10212
10/30/2020,10212
11/2/2020,10242
11/3/2020,10362
11/4/2020,10451
11/5/2020,10302
11/6/2020,10242
11/9/2020,10451
11/10/2020,10571
11/11/2020,10451
11/12/2020,10451
11/13/2020,10630
11/16/2020,10571
11/17/2020,10899
11/18/2020,10989
11/19/2020,11019
11/20/2020,10869
11/23/2020,11168
11/24/2020,11317
11/25/2020,11467
11/26/2020,11437
11/27/2020,11556
11/30/2020,11496
12/1/2020,11586
12/2/2020,11765
12/3/2020,12064
12/4/2020,11974
12/7/2020,12273
12/8/2020,13079
12/9/2020,13557
12/10/2020,13617
12/11/2020,14064
12/14/2020,15020
12/15/2020,15229
12/16/2020,14960
12/17/2020,14960
12/18/2020,16005
12/21/2020,17110
12/22/2020,17678
12/23/2020,17200
12/24/2020,16931
12/25/2020,18096
12/28/2020,19111
12/29/2020,18932
12/30/2020,18812
12/31/2020,19768
1/4/2021,20186
1/5/2021,20156
1/6/2021,20305
1/7/2021,20544
1/8/2021,20395
1/11/2021,20037
1/12/2021,20365
1/13/2021,20007
1/14/2021,21112
1/15/2021,22067
1/18/2021,21679
1/19/2021,20186
1/20/2021,19887
1/21/2021,20634
1/22/2021,20156
1/25/2021,20126
1/26/2021,19111
1/27/2021,17797
1/28/2021,16573
1/29/2021,17200
2/1/2021,16005
2/2/2021,16603
2/3/2021,17737
2/4/2021,17737
2/5/2021,18812
2/8/2021,18275
2/9/2021,18962
2/17/2021,20037
2/18/2021,19887
2/19/2021,19798
2/22/2021,19619
2/23/2021,20066
2/24/2021,19977
2/25/2021,19977
2/26/2021,19828
3/1/2021,20903
3/2/2021,20932
3/3/2021,20813
3/4/2021,19977
3/5/2021,19977
3/8/2021,20037
3/9/2021,19738
3/10/2021,19768
3/11/2021,20275
3/12/2021,20007
3/15/2021,19828
3/16/2021,19529
3/17/2021,19469
3/18/2021,19887
3/19/2021,19887
3/22/2021,19947
3/23/2021,19648
3/24/2021,18693
3/25/2021,18394
3/26/2021,18454
3/29/2021,18753
3/30/2021,18991
3/31/2021,18962
4/1/2021,20275
4/2/2021,20485
4/5/2021,20903
4/6/2021,20903
4/7/2021,21112
4/8/2021,21022
4/9/2021,21052
4/12/2021,21798
4/13/2021,21261
4/14/2021,21470
4/15/2021,20813
4/16/2021,20305
4/19/2021,20783
4/20/2021,20365
4/22/2021,18962
4/23/2021,19708
4/26/2021,18932
4/27/2021,18991
4/28/2021,19171
4/29/2021,19469
5/4/2021,19648
5/5/2021,20066
5/6/2021,19619
5/7/2021,19529
5/10/2021,20723
5/11/2021,20425
5/12/2021,20783
5/13/2021,20932
5/14/2021,21082
5/17/2021,21171
5/18/2021,21052
5/19/2021,21500
5/20/2021,22993
5/21/2021,23291
5/24/2021,23769
5/25/2021,24426
5/26/2021,24456
5/27/2021,23650
5/28/2021,24964
5/31/2021,26516
6/1/2021,26098
6/2/2021,27472
6/3/2021,29204
6/4/2021,29114
6/7/2021,28159
6/8/2021,26277
6/9/2021,27890
6/10/2021,28069
6/11/2021,29920
6/14/2021,31652
6/15/2021,31652
6/16/2021,30070
6/17/2021,30739
6/18/2021,30739
6/21/2021,29826
6/22/2021,30131
6/23/2021,30374
6/24/2021,30557
6/25/2021,32687
6/28/2021,32809
6/29/2021,33235
6/30/2021,33479
7/1/2021,35000
7/2/2021,35244
7/5/2021,34392
7/6/2021,32018
7/7/2021,33174
7/8/2021,33113
7/9/2021,32018
7/12/2021,30131
7/13/2021,31531
7/14/2021,31044
7/15/2021,32687
7/16/2021,32139
7/19/2021,30009
7/20/2021,32079
7/21/2021,31348
7/22/2021,31774
7/23/2021,30800
7/26/2021,30922
7/27/2021,31652
7/28/2021,31896
7/29/2021,32870
7/30/2021,33235
8/2/2021,33479
8/3/2021,34392
8/4/2021,34574
8/5/2021,35000
8/6/2021,34331
8/9/2021,36096
8/10/2021,36157
8/11/2021,35122
8/12/2021,35122
8/13/2021,35913
8/16/2021,37800
8/17/2021,37313
8/18/2021,36644
8/19/2021,38165
8/20/2021,38044
8/23/2021,38592
8/24/2021,37252
8/25/2021,37739
8/26/2021,37192
8/27/2021,37252
8/30/2021,37983
8/31/2021,37618
9/1/2021,37252
9/6/2021,36522
9/7/2021,36765
9/8/2021,39318
9/9/2021,39051
9/10/2021,38918
9/13/2021,38740
9/14/2021,37763
9/15/2021,38118
9/16/2021,37763
9/17/2021,38207
9/20/2021,38029
9/21/2021,37407
9/22/2021,37141
9/23/2021,37229
9/24/2021,37141
9/27/2021,35541
9/28/2021,36074
9/29/2021,35630
9/30/2021,36119
10/1/2021,34830
10/4/2021,34297
10/5/2021,35897
10/6/2021,35497
10/7/2021,36163
10/8/2021,36297
10/11/2021,37229
10/12/2021,36785
10/13/2021,36430
10/14/2021,36430
10/15/2021,36208
10/18/2021,36297
10/19/2021,36341
10/20/2021,35808
10/21/2021,35275
10/22/2021,34830
10/25/2021,34031
10/26/2021,34475
10/27/2021,35897
10/28/2021,36252
10/29/2021,35986
11/1/2021,36785
11/2/2021,37629
11/3/2021,37052
11/4/2021,38207
11/5/2021,38118
11/8/2021,39540
11/9/2021,39362
11/10/2021,39717
11/11/2021,39229
11/12/2021,39629
11/15/2021,40695
11/16/2021,39762
11/17/2021,40739
11/18/2021,43582
11/19/2021,43094
11/22/2021,43183
11/23/2021,46204
11/24/2021,47270
11/25/2021,48869
11/26/2021,47536
11/29/2021,49136
11/30/2021,49669
12/1/2021,49047
12/2/2021,47981
12/3/2021,44871
12/6/2021,45315
12/7/2021,46381
12/8/2021,46026
12/9/2021,47803
12/10/2021,47092
12/13/2021,47448
12/14/2021,46826
12/15/2021,45937
12/16/2021,45226
12/17/2021,46648
12/20/2021,47536
12/21/2021,46648
12/22/2021,45404
12/23/2021,43538
12/24/2021,43582
12/27/2021,43671
12/28/2021,43360
12/29/2021,44116
12/30/2021,46737
12/31/2021,46026
1/4/2022,47092
1/5/2022,46914
1/6/2022,46115
1/7/2022,45848
1/10/2022,44027
1/11/2022,42738
1/12/2022,44871
1/13/2022,43405
1/14/2022,43271
1/17/2022,40250
1/18/2022,37585
1/19/2022,40162
1/20/2022,40606
1/21/2022,39584
1/24/2022,36830
1/25/2022,38029
1/26/2022,37718
1/27/2022,38562
1/28/2022,40028
2/7/2022,40739
2/8/2022,40561
2/9/2022,40606
2/10/2022,40073
2/11/2022,40073
2/14/2022,38740
2/15/2022,39273
2/16/2022,39895
2/17/2022,39984
2/18/2022,40162
2/21/2022,40872
2/22/2022,39984
2/23/2022,40250
2/24/2022,39629
2/25/2022,40606
2/28/2022,40606
3/1/2022,40872
3/2/2022,39806
3/3/2022,40428
3/4/2022,41406
3/7/2022,41583
3/8/2022,41761
3/9/2022,41406
3/10/2022,41406
3/11/2022,39984
3/14/2022,38385
3/15/2022,38473
3/16/2022,38918
3/17/2022,38918
3/18/2022,38918
3/21/2022,39362
3/22/2022,39406
3/23/2022,39273
3/24/2022,38918
3/25/2022,38607
3/28/2022,37540
3/29/2022,37896
3/30/2022,37585
3/31/2022,37318
4/1/2022,38118
4/4/2022,39984
4/5/2022,39362
4/6/2022,39629
4/7/2022,39140
4/8/2022,38207
4/12/2022,37141
4/13/2022,37807
4/14/2022,37318
4/15/2022,35541
4/18/2022,33320
4/19/2022,31099
4/20/2022,31276
4/21/2022,32032
4/22/2022,32032
4/25/2022,29810
4/26/2022,30654
4/27/2022,30566
4/28/2022,29766
4/29/2022,29810
5/4/2022,28433
5/5/2022,27545
5/6/2022,25634
5/9/2022,23857
5/10/2022,24790
5/11/2022,24612
5/12/2022,22924
5/13/2022,22924
5/16/2022,24257
5/17/2022,25901
5/18/2022,25456
5/19/2022,25323
5/20/2022,25279
5/23/2022,23546
5/24/2022,24968
5/25/2022,25590
5/26/2022,26167
5/27/2022,26567
5/30/2022,26567
5/31/2022,26345
6/1/2022,26256
6/2/2022,25767
6/3/2022,25990
6/6/2022,25767
6/7/2022,25057
6/8/2022,26034
6/9/2022,25767
6/10/2022,24746
6/13/2022,23057
6/14/2022,21636
6/15/2022,20125
6/16/2022,19681
6/17/2022,18304
6/20/2022,17060
6/21/2022,16260
6/22/2022,17700
6/23/2022,18500
6/24/2022,18600
6/27/2022,19850
6/28/2022,19600
6/29/2022,19750
6/30/2022,18800
7/1/2022,19700
7/4/2022,20200
7/5/2022,19700
7/6/2022,19000
7/7/2022,19100
7/8/2022,20400
7/11/2022,20650
7/12/2022,20900
7/13/2022,20700
7/14/2022,21500
7/15/2022,21100
7/18/2022,20900
7/19/2022,20650
7/20/2022,21300
7/21/2022,21300
7/22/2022,20900
7/25/2022,20450
7/26/2022,20250
7/27/2022,20400
7/28/2022,21150
7/29/2022,21350
8/1/2022,22800
8/2/2022,23200
8/3/2022,23550
8/4/2022,23550
8/5/2022,24800
8/8/2022,24650
8/9/2022,24800
8/10/2022,24550
8/11/2022,24400
8/12/2022,24900
8/15/2022,24750
8/16/2022,24600
8/17/2022,24550
8/18/2022,25100
8/19/2022,25150
8/22/2022,24700
8/23/2022,25400
8/24/2022,25250
8/25/2022,25500
8/26/2022,24800
8/29/2022,24400
8/30/2022,23950
8/31/2022,24000
9/5/2022,23700
9/6/2022,23750
9/7/2022,22550
9/8/2022,22050
9/9/2022,22200
9/12/2022,21850
9/13/2022,21650
9/14/2022,21950
9/15/2022,21650
9/16/2022,21150
9/19/2022,19900
9/20/2022,20700
9/21/2022,20550
9/22/2022,21100
9/23/2022,20650
9/26/2022,19500
9/27/2022,19550
9/28/2022,19750
9/29/2022,19300
9/30/2022,19800
10/3/2022,18450
10/4/2022,17800
10/5/2022,18650
10/6/2022,17400
10/7/2022,16800
10/10/2022,17400
10/11/2022,16200
10/12/2022,17250
10/13/2022,17500
10/14/2022,17900
10/17/2022,18000
10/18/2022,17800
10/19/2022,17650
10/20/2022,17400
10/21/2022,16200
10/24/2022,15100
10/25/2022,15050
10/26/2022,14850
10/27/2022,15850
10/28/2022,15900
10/31/2022,16300
11/1/2022,16950
11/2/2022,16500
11/3/2022,16500
11/4/2022,15350
11/7/2022,14300
11/8/2022,15000
11/9/2022,14900
11/10/2022,13900
11/11/2022,14100
11/14/2022,14250
11/15/2022,13900
11/16/2022,14850
11/17/2022,15800
11/18/2022,16250
11/21/2022,16100
11/22/2022,16350
11/23/2022,15800
11/24/2022,16000
11/25/2022,17100
11/28/2022,18250
11/29/2022,18950
11/30/2022,19250
12/1/2022,18200
